Workbook

Sheet Aussage
A1: Primes_EABC · Außenaussage
A2: Vier Engines finden dieselbe Nachfolgerkette, failures=0, isolate=1. Der Sieb- und Testvorsprung von EABC existiert, schrumpft aber mit der Bitlänge. GMP mpz_nextprime bleibt in allen 15 Läufen 1,56–1,73× schneller. Kein Primzahlbeweis, kein Geschwindigkeitsclaim.
A5: 15 / 15 | C5: 0 | E5: 1,56–1,73×
A6: GMP schneller als EABC | C6: failures / Agree-Brüche | E6: GMP-Faktor Median T10
A8: ~8× | C8: 1,16 → 1,07 | E8: 1,39 → 1,11
A9: Odd-Walk-Kandidaten / Sieb | C9: Siebgewinn, schrumpfend | E9: Testgewinn, schrumpfend
A11: Was die Zahlen trennen — und was sie nicht belegen
A12: Belegt • Dieselbe Next-Prime-Kette, probable-prime GMP reps=64 und OpenSSL • Sieb ~8× weniger Kandidaten als Odd-Walk, identisch für sieved und eabc_mr • Beide Gewinne schrumpfen: Sieb 1,16→1,07, Test 1,39→1,11 • GMP-Abstand ist strukturell (flach 0,64→0,58), nicht Messrauschen • Trial 3 bei 2048 (EABC 1975 ms) verschiebt den Mittel, nicht den Median | D12: Nicht belegt • Überlegenheit gegenüber GMP • Neue Primzahltheorie oder geschlossene Formel • Primzahlbeweis (nur probable prime) • FIPS- oder Krypto-Sicherheitsniveau • Publikationsstatistik: n=5 je Länge, rechtsschief; 30+ Trials und p25/p75 fehlen
A18: Quelle: commercial_prime_benchmark/out_eabc/results.json · Primes_EABC.cpp · Apple M5 · 5 Trials × {512,1024,2048} · count=10
A20: Live aus Kennzahlen
A21: GMP/EABC 512 | B21: =Kennzahlen!D12 | C21: GMP-Faktor 512 | D21: =Kennzahlen!E12
A22: GMP/EABC 1024 | B22: =Kennzahlen!D13 | C22: GMP-Faktor 1024 | D22: =Kennzahlen!E13
A23: GMP/EABC 2048 | B23: =Kennzahlen!D14 | C23: GMP-Faktor 2048 | D23: =Kennzahlen!E14
A26: Bits | B26: GMP | C26: OpenSSL raw | D26: OpenSSL sieved | E26: EABC
A27: =Kennzahlen!A6 | B27: =Kennzahlen!B6 | C27: =Kennzahlen!C6 | D27: =Kennzahlen!D6 | E27: =Kennzahlen!E6
A28: =Kennzahlen!A7 | B28: =Kennzahlen!B7 | C28: =Kennzahlen!C7 | D28: =Kennzahlen!D7 | E28: =Kennzahlen!E7
A29: =Kennzahlen!A8 | B29: =Kennzahlen!B8 | C29: =Kennzahlen!C8 | D29: =Kennzahlen!D8 | E29: =Kennzahlen!E8

Sheet Kennzahlen
A1: Kennzahlen aus den Medianen der 15 Läufe
A2: Alle abgeleiteten Größen sind Excel-Formeln auf Rohdaten. µs/Runde = Median(T10_EABC) / Median(MR-Runden), also Verhältnis der Mediane.
A4: 1 · Mediane T10 (ms)
A5: Bits | B5: GMP | C5: OpenSSL raw | D5: OpenSSL sieved | E5: EABC
A6: 512 | B6: =MEDIAN(Rohdaten!C5:C9) | C6: =MEDIAN(Rohdaten!D5:D9) | D6: =MEDIAN(Rohdaten!E5:E9) | E6: =MEDIAN(Rohdaten!F5:F9)
A7: 1024 | B7: =MEDIAN(Rohdaten!C10:C14) | C7: =MEDIAN(Rohdaten!D10:D14) | D7: =MEDIAN(Rohdaten!E10:E14) | E7: =MEDIAN(Rohdaten!F10:F14)
A8: 2048 | B8: =MEDIAN(Rohdaten!C15:C19) | C8: =MEDIAN(Rohdaten!D15:D19) | D8: =MEDIAN(Rohdaten!E15:E19) | E8: =MEDIAN(Rohdaten!F15:F19)
A10: 2 · Zerlegung des Abstands
A11: Bits | B11: Siebgewinn raw/sieved | C11: Testgewinn sieved/EABC | D11: GMP/EABC | E11: GMP-Faktor EABC/GMP | F11: EABC hinter GMP
A12: =A6 | B12: =C6/D6 | C12: =D6/E6 | D12: =B6/E6 | E12: =E6/B6 | F12: =1-D12
A13: =A7 | B13: =C7/D7 | C13: =D7/E7 | D13: =B7/E7 | E13: =E7/B7 | F13: =1-D13
A14: =A8 | B14: =C8/D8 | C14: =D8/E8 | D14: =B8/E8 | E14: =E8/B8 | F14: =1-D14
A16: 3 · Kandidaten (Median)
A17: Bits | B17: Odd-Walk | C17: Sieb | D17: Verhältnis odd/Sieb
A18: 512 | B18: =MEDIAN(Rohdaten!G5:G9) | C18: =MEDIAN(Rohdaten!H5:H9) | D18: =B18/C18
A19: 1024 | B19: =MEDIAN(Rohdaten!G10:G14) | C19: =MEDIAN(Rohdaten!H10:H14) | D19: =B19/C19
A20: 2048 | B20: =MEDIAN(Rohdaten!G15:G19) | C20: =MEDIAN(Rohdaten!H15:H19) | D20: =B20/C20
A22: 4 · MR-Runden und Zeit pro Runde
A23: Bits | B23: MR Median | C23: 10×25 | D23: Komposite ≈ MR−250 | E23: Kand. Sieb | F23: µs/Runde (Med/Med) | G23: relativ zu 512
A24: 512 | B24: =MEDIAN(Rohdaten!I5:I9) | C24: 250 | D24: =B24-C24 | E24: =C18 | F24: =E6*1000/B24 | G24: =F24/$F$24
A25: 1024 | B25: =MEDIAN(Rohdaten!I10:I14) | C25: 250 | D25: =B25-C25 | E25: =C19 | F25: =E7*1000/B25 | G25: =F25/$F$24
A26: 2048 | B26: =MEDIAN(Rohdaten!I15:I19) | C26: 250 | D26: =B26-C26 | E26: =C20 | F26: =E8*1000/B26 | G26: =F26/$F$24
A28: Hinweis: µs/Runde verwendet das Verhältnis der Mediane (T10_EABC / MR). Der Median der Trial-Quotienten liegt bei 2048 etwas niedriger (~1111 µs). MR-Zerlegung: 10 Treffer × 25 Runden plus 1 Runde je Kompositum (Basis 2). openssl_sieved und eabc_mr haben identische Kandidatenzahlen.

Sheet Rohdaten
A1: Rohdaten · 15 Läufe · T10 in Millisekunden
A2: Apple M5 · 6.3.0 · OpenSSL 3.6.4 25 Aug 2026 · isolate=1 · failures=0 · Seed eabc-v2
A4: Bits | B4: Trial | C4: GMP_ms | D4: OpenSSL_raw_ms | E4: OpenSSL_sieved_ms | F4: EABC_ms | G4: Odd_Walk | H4: Sieb | I4: MR_Runden | J4: Agree | K4: Engine_Reihenfolge
A5: 512 | B5: 0 | C5: 6.442083 | D5: 22.85225 | E5: 18.692333 | F5: 13.435959 | G5: 1400 | H5: 180 | I5: 420 | J5: 1 | K5: openssl_sieved,eabc_mr,openssl_stock,gmp_stock
A6: 512 | B6: 1 | C6: 9.132916 | D6: 23.149958 | E6: 19.843375 | F6: 15.436958 | G6: 2098 | H6: 265 | I6: 505 | J6: 1 | K6: gmp_stock,eabc_mr,openssl_sieved,openssl_stock
A7: 512 | B7: 2 | C7: 6.660833 | D7: 21.637667 | E7: 42.089584 | F7: 12.589958 | G7: 1417 | H7: 186 | I7: 426 | J7: 1 | K7: openssl_stock,openssl_sieved,eabc_mr,gmp_stock
A8: 512 | B8: 3 | C8: 10.367541 | D8: 23.361083 | E8: 20.515167 | F8: 15.478208 | G8: 2147 | H8: 267 | I8: 507 | J8: 1 | K8: eabc_mr,gmp_stock,openssl_stock,openssl_sieved
A9: 512 | B9: 4 | C9: 9.387083 | D9: 22.992042 | E9: 19.839458 | F9: 14.28875 | G9: 1972 | H9: 234 | I9: 474 | J9: 1 | K9: gmp_stock,openssl_stock,eabc_mr,openssl_sieved
A10: 1024 | B10: 0 | C10: 43.432875 | D10: 124.31987 | E10: 109.44771 | F10: 75.830833 | G10: 2144 | H10: 264 | I10: 504 | J10: 1 | K10: openssl_stock,openssl_sieved,eabc_mr,gmp_stock
A11: 1024 | B11: 1 | C11: 37.48025 | D11: 112.54917 | E11: 101.86208 | F11: 68.234 | G11: 1660 | H11: 208 | I11: 448 | J11: 1 | K11: gmp_stock,openssl_sieved,eabc_mr,openssl_stock
A12: 1024 | B12: 2 | C12: 84.89725 | D12: 204.73446 | E12: 170.57058 | F12: 133.29413 | G12: 5292 | H12: 666 | I12: 906 | J12: 1 | K12: eabc_mr,gmp_stock,openssl_stock,openssl_sieved
A13: 1024 | B13: 3 | C13: 64.783458 | D13: 159.666 | E13: 143.24025 | F13: 107.86713 | G13: 3683 | H13: 467 | I13: 707 | J13: 1 | K13: openssl_sieved,openssl_stock,gmp_stock,eabc_mr
A14: 1024 | B14: 4 | C14: 72.310083 | D14: 172.37342 | E14: 142.77342 | F14: 106.75408 | G14: 3958 | H14: 491 | I14: 731 | J14: 1 | K14: openssl_stock,gmp_stock,openssl_sieved,eabc_mr
A15: 2048 | B15: 0 | C15: 581.55879 | D15: 1280.2396 | E15: 1201.7297 | F15: 1086.0017 | G15: 5572 | H15: 701 | I15: 941 | J15: 1 | K15: openssl_stock,gmp_stock,openssl_sieved,eabc_mr
A16: 2048 | B16: 1 | C16: 382.22621 | D16: 1069.1643 | E16: 938.65608 | F16: 705.41562 | G16: 3552 | H16: 433 | I16: 673 | J16: 1 | K16: openssl_stock,eabc_mr,gmp_stock,openssl_sieved
... A19: 2048 | B19: 4 | C19: 760.97554 | D19: 1582.9405 | E19: 1493.5384 | F19: 1373.7884 | G19: 8214 | H19: 1025 | I19: 1265 | J19: 1 | K19: openssl_stock,openssl_sieved,eabc_mr,gmp_stock
